,WholeTumor,TumorCore,EnhancingTumor
validation_case_0,0.15933245700577858,0.0,0.0
validation_case_12,0.22944539400011787,0.0,0.0
validation_case_14,0.08416415906170091,0.0,0.0
validation_case_2,0.6196452586972518,0.0,0.0
